<world background_index="2" height="656" sonar_resolution="10" width="897"><robot position_x="180" position_y="180" rotation="-40" /><line_map index="7" position_x="537" position_y="333" /><static_object index="0" position_x="418" position_y="452" /><static_object index="0" position_x="370" position_y="452" /><static_object index="0" position_x="322" position_y="452" /><static_object index="0" position_x="322" position_y="404" /><static_object index="0" position_x="322" position_y="356" /><static_object index="0" position_x="322" position_y="308" /><static_object index="0" position_x="322" position_y="260" /><static_object index="0" position_x="322" position_y="212" /><static_object index="0" position_x="370" position_y="212" /><static_object index="0" position_x="418" position_y="212" /><static_object index="0" position_x="466" position_y="212" /><static_object index="0" position_x="514" position_y="212" /><static_object index="0" position_x="562" position_y="212" /><static_object index="0" position_x="610" position_y="212" /><static_object index="0" position_x="658" position_y="212" /><static_object index="0" position_x="706" position_y="212" /><static_object index="0" position_x="754" position_y="212" /><static_object index="0" position_x="754" position_y="260" /><static_object index="0" position_x="754" position_y="308" /><static_object index="0" position_x="754" position_y="356" /><static_object index="0" position_x="754" position_y="404" /><static_object index="0" position_x="754" position_y="452" /><static_object index="0" position_x="706" position_y="452" /><static_object index="0" position_x="658" position_y="452" /></world>