<?xml version='1.0' encoding='UTF-8'?>
<world background_index="3" height="600" sonar_resolution="10" width="800"><robot position_x="180" position_y="180" rotation="-40" /><static_object index="0" position_x="533" position_y="574" /><static_object index="0" position_x="532" position_y="526" /><static_object index="0" position_x="532" position_y="478" /><static_object index="0" position_x="532" position_y="430" /><static_object index="0" position_x="532" position_y="382" /><static_object index="0" position_x="580" position_y="382" /><static_object index="0" position_x="628" position_y="381" /><static_object index="1" position_x="552" position_y="21" /><static_object index="1" position_x="552" position_y="69" /><static_object index="1" position_x="552" position_y="117" /><static_object index="1" position_x="553" position_y="165" /><static_object index="1" position_x="484" position_y="383" /><static_object index="1" position_x="436" position_y="383" /><static_object index="1" position_x="388" position_y="383" /><static_object index="1" position_x="340" position_y="383" /><static_object index="1" position_x="340" position_y="335" /><static_object index="1" position_x="340" position_y="287" /><static_object index="1" position_x="340" position_y="239" /><static_object index="1" position_x="22" position_y="339" /><static_object index="1" position_x="166" position_y="339" /><static_object index="1" position_x="118" position_y="339" /><static_object index="1" position_x="70" position_y="339" /><static_object index="1" position_x="553" position_y="213" /><static_object index="1" position_x="601" position_y="212" /><static_object index="1" position_x="649" position_y="212" /><static_object index="1" position_x="504" position_y="20" /><static_object index="1" position_x="504" position_y="68" /><static_object index="1" position_x="504" position_y="116" /><static_object index="1" position_x="456" position_y="22" />
</world>
