<?xml version='1.0' encoding='UTF-8'?>
<world background_index="0" height="600" sonar_resolution="10" width="800"><robot position_x="180" position_y="180" rotation="-40" /><static_object index="2" position_x="296" position_y="23" /><static_object index="2" position_x="296" position_y="71" /><static_object index="2" position_x="296" position_y="119" /><static_object index="2" position_x="296" position_y="167" /><static_object index="2" position_x="344" position_y="23" /><static_object index="2" position_x="344" position_y="71" /><static_object index="2" position_x="392" position_y="22" /><static_object index="2" position_x="440" position_y="21" /><static_object index="2" position_x="488" position_y="21" /><static_object index="2" position_x="536" position_y="21" /><static_object index="2" position_x="536" position_y="69" /><static_object index="4" position_x="537" position_y="117" /><static_object index="4" position_x="536" position_y="165" /><static_object index="4" position_x="536" position_y="213" /><static_object index="4" position_x="536" position_y="262" /><static_object index="4" position_x="533" position_y="399" /><static_object index="4" position_x="533" position_y="447" /><static_object index="4" position_x="533" position_y="495" /><static_object index="4" position_x="485" position_y="495" /><static_object index="4" position_x="437" position_y="496" /><static_object index="4" position_x="389" position_y="496" /><static_object index="4" position_x="341" position_y="496" /><static_object index="4" position_x="342" position_y="544" /><static_object index="4" position_x="23" position_y="576" /><static_object index="4" position_x="71" position_y="576" /><static_object index="4" position_x="119" position_y="576" /><static_object index="4" position_x="167" position_y="577" /><static_object index="4" position_x="215" position_y="578" /><static_object index="4" position_x="22" position_y="528" /><static_object index="4" position_x="71" position_y="528" /><static_object index="4" position_x="119" position_y="528" /><static_object index="2" position_x="776" position_y="22" /><static_object index="2" position_x="776" position_y="70" /><static_object index="2" position_x="776" position_y="118" /><static_object index="2" position_x="777" position_y="166" /><static_object index="2" position_x="776" position_y="214" /><static_object index="2" position_x="728" position_y="167" /><static_object index="2" position_x="680" position_y="167" /><static_object index="2" position_x="727" position_y="215" />
</world>
