<world background_index="1" height="656" sonar_resolution="10" width="897"><robot position_x="100" position_y="180" rotation="-40" /><line_map index="9" position_x="489" position_y="327" /><static_object index="0" position_x="243" position_y="24" /><static_object index="0" position_x="243" position_y="71" /><static_object index="0" position_x="243" position_y="118" /><static_object index="0" position_x="243" position_y="165" /><static_object index="0" position_x="243" position_y="212" /><static_object index="0" position_x="243" position_y="259" /><static_object index="0" position_x="243" position_y="306" /><static_object index="0" position_x="243" position_y="353" /><static_object index="0" position_x="243" position_y="541" /><static_object index="0" position_x="243" position_y="588" /><static_object index="0" position_x="243" position_y="635" /><static_object index="0" position_x="410" position_y="24" /><static_object index="0" position_x="410" position_y="71" /><static_object index="0" position_x="384" position_y="118" /><static_object index="0" position_x="410" position_y="353" /><static_object index="0" position_x="410" position_y="400" /><static_object index="0" position_x="410" position_y="447" /><static_object index="0" position_x="410" position_y="494" /><static_object index="0" position_x="384" position_y="541" /><static_object index="0" position_x="410" position_y="588" /><static_object index="0" position_x="410" position_y="635" /><static_object index="0" position_x="567" position_y="24" /><static_object index="0" position_x="567" position_y="71" /><static_object index="0" position_x="571" position_y="118" /><static_object index="0" position_x="567" position_y="165" /><static_object index="0" position_x="567" position_y="212" /><static_object index="0" position_x="567" position_y="259" /><static_object index="0" position_x="567" position_y="306" /><static_object index="0" position_x="571" position_y="541" /><static_object index="0" position_x="567" position_y="588" /><static_object index="0" position_x="567" position_y="635" /><static_object index="0" position_x="732" position_y="24" /><static_object index="0" position_x="732" position_y="71" /><static_object index="0" position_x="759" position_y="118" /><static_object index="0" position_x="732" position_y="306" /><static_object index="0" position_x="732" position_y="353" /><static_object index="0" position_x="732" position_y="400" /><static_object index="0" position_x="732" position_y="447" /><static_object index="0" position_x="732" position_y="494" /><static_object index="0" position_x="759" position_y="541" /><static_object index="0" position_x="732" position_y="588" /><static_object index="0" position_x="732" position_y="635" /><static_object index="0" position_x="290" position_y="541" /><static_object index="0" position_x="337" position_y="541" /><static_object index="0" position_x="431" position_y="541" /><static_object index="0" position_x="478" position_y="541" /><static_object index="0" position_x="524" position_y="541" /><static_object index="0" position_x="618" position_y="541" /><static_object index="0" position_x="665" position_y="541" /><static_object index="0" position_x="712" position_y="541" /><static_object index="0" position_x="290" position_y="118" /><static_object index="0" position_x="337" position_y="118" /><static_object index="0" position_x="431" position_y="118" /><static_object index="0" position_x="478" position_y="118" /><static_object index="0" position_x="524" position_y="118" /><static_object index="0" position_x="618" position_y="118" /><static_object index="0" position_x="665" position_y="118" /><static_object index="0" position_x="712" position_y="118" /></world>